,Product Name,Prices,Description,Reviews
0,"vivo Y300 5G (Phantom Purple, 256 GB)","₹23,999",8 GB RAM | 256 GB ROM | Expandable Upto 2 TB16.94 cm (6.67 inch) Display50MP + 2MP | 32MP Front Camera5000 mAh Battery4 Gen 2 Processor1 Year Warranty on Handset and 6 Months on Inbox Accessories,4.4
1,"realme 14 Pro+ 5G (Suede Grey, 128 GB)","₹29,999",8 GB RAM | 128 GB ROM17.35 cm (6.83 inch) Display50MP + 50MP + 8MP | 32MP Front Camera6000 mAh Battery7s Gen 3 Mobile Platform Processor1 Year Manufacturer Warranty for Device and 6 Months Manufacturer Warranty for Inbox Accessories,4.4
2,"realme P3 5G (Space Silver, 128 GB)","₹16,999",6 GB RAM | 128 GB ROM | Expandable Upto 2 TB16.94 cm (6.67 inch) Full HD+ Display50MP + 2MP | 16MP Front Camera6000 mAh Battery6 Gen 4 Processor1 Year Manufacturer Warranty for Device and 6 Months Manufacturer Warranty for Inbox Accessories,4.4
3,"Google Pixel 7a (Charcoal, 128 GB)","₹27,999",8 GB RAM | 128 GB ROM15.49 cm (6.1 inch) Full HD+ Display64MP (OIS) + 13MP | 13MP Front Camera4300 mAh BatteryTensor G2 Processor1 Year Domestic Warranty,4.1
4,"realme 13 Pro 5G (Emerald Green, 512 GB)","₹26,999",12 GB RAM | 512 GB ROM17.02 cm (6.7 inch) Full HD+ Display50MP + 8MP + 2MP | 32MP Front Camera5200 mAh BatterySnapdragon 7s Gen2 Processor1 Year Manufacturer Warranty for Device and 6 Months Manufacturer Warranty for Inbox Accessories,4.3
5,"realme 13 Pro+ 5G (Monet Purple, 256 GB)","₹26,999",12 GB RAM | 256 GB ROM17.02 cm (6.7 inch) Full HD+ Display50MP + 8MP + 50MP | 32MP Front Camera5200 mAh BatterySnapdragon 7s Gen2 Processor1 Year Manufacturer Warranty for Device and 6 Months Manufacturer Warranty for Inbox Accessories,4.4
6,"POCO X7 Pro 5G (Obsidian Black, 256 GB)","₹25,999",8 GB RAM | 256 GB ROM16.94 cm (6.67 inch) Display50MP + 8MP | 20MP Front Camera6550 mAh BatteryDimensity D8400 Ultra Processor1 Year Manufacturer Warranty for Phone and 6 Months Warranty for In the Box Accessories,4.3
7,"OPPO F29 5G (Glacier Blue, 256 GB)","₹25,999",8 GB RAM | 256 GB ROM17.02 cm (6.7 inch) Full HD+ Display50MP + 2MP | 16MP Front Camera6500 mAh Battery6 Gen 1 Processor1 Year Warranty on Handset and 6 Months Warranty on Accessories,4.3
8,"realme 12 Pro+ 5G (Navigator Beige, 256 GB)","₹29,999",12 GB RAM | 256 GB ROM17.02 cm (6.7 inch) Full HD+ Display50MP + 8MP + 64MP | 32MP Front Camera5000 mAh BatterySnapdragon 7s Gen 2 Processor1 Year Manufacturer Warranty for Device and 6 Months Manufacturer Warranty for Inbox Accessories,4.5
9,"realme 14 Pro 5G (Suede Grey, 256 GB)","₹26,999",8 GB RAM | 256 GB ROM17.2 cm (6.77 inch) Full HD+ Display50MP + 2MP | 16MP Front Camera6000 mAh BatteryDimensity 7300 Energy Processor1 Year Manufacturer Warranty for Device and 6 Months Manufacturer Warranty for Inbox Accessories,4.4
10,"IQOO Neo 10R 5G (MoonKnight Titanium, 128 GB)","₹28,469",8 GB RAM | 128 GB ROM17.22 cm (6.78 inch) Display50MP Rear Camera6400 mAh Battery1 Year Manufacturer Warranty for Phone and 6 Months Warranty for In the Box Accessories,4.6
11,"OnePlus Nord 3 5G (Misty Green, 128 GB)","₹24,999",8 GB RAM | 128 GB ROM17.12 cm (6.74 inch) Display50MP Rear Camera5000 mAh BatteryDomestic 1 Year of Device & 6 Months for In-Box Accessories,4.3
12,"IQOO Z9S 5G (Titanium Matte, 256 GB)","₹26,945",12 GB RAM | 256 GB ROM17.2 cm (6.77 inch) Full HD+ AMOLED Display50MP + 50MP | 2MP Dual Front Camera5500 mAh BatteryMediaTek Dimensity 7300 5G Processor12 Months Brand Warranty on Smartphone,4.4
13,"realme 13 Pro+ 5G (Monet Gold, 512 GB)","₹28,999",12 GB RAM | 512 GB ROM17.02 cm (6.7 inch) Full HD+ Display50MP + 8MP + 50MP | 32MP Front Camera5200 mAh BatterySnapdragon 7s Gen2 Processor1 Year Manufacturer Warranty for Device and 6 Months Manufacturer Warranty for Inbox Accessories,4.4
14,"vivo V40e 5G (Mint Green, 128 GB)","₹26,999",8 GB RAM | 128 GB ROM17.2 cm (6.77 inch) Display50MP + 8MP | 50MP Front Camera5500 mAh BatteryDimensity 7300 Processor1 Year Warranty on Handset and 6 Months Warranty on Accessories,4.4
15,"Nothing Phone (3a) Pro (Black, 128 GB)","₹29,999",8 GB RAM | 128 GB ROM17.2 cm (6.77 inch) Full HD+ Display50MP (Main) + 50MP (3X Periscope)+ 8MP (Ultra-Wide) | 50MP Front Camera5000 mAh Battery7s Gen3 Processor1 Year Manufacturing Warranty,4.5
16,"OnePlus Nord CE4 (Dark Chrome, 256 GB)","₹23,895",8 GB RAM | 256 GB ROM17.02 cm (6.7 inch) Display50MP Rear Camera5500 mAh BatteryOxygenOS 14.0 ProcessorDomestic Warranty 1 Year For Handset And 6 month For Accessories.,4.5
17,"Honor 200 5G (Moonlight White, 256 GB)","₹28,100",8 GB RAM | 256 GB ROM17.02 cm (6.7 inch) Full HD+ Super AMOLED Display50MP + 50MP + 12MP | 50MP Front Camera5200 mAh BatterySnapdragon 7 Gen 3 Processor1 year manufacturer's warranty for handset & 6 months for accessories,4.5
18,"POCO X7 Pro 5G (Obsidian Black, 256 GB)","₹27,999",12 GB RAM | 256 GB ROM16.94 cm (6.67 inch) Display50MP + 8MP | 20MP Front Camera6550 mAh BatteryDimensity D8400 Ultra Processor1 Year Manufacturer Warranty for Phone and 6 Months Warranty for In the Box Accessories,4.4
19,"OnePlus Nord CE4 (Celadon Marble, 256 GB)","₹24,735",8 GB RAM | 256 GB ROM17.02 cm (6.7 inch) Display50MP Rear Camera5500 mAh BatteryOxygenOS 14.0 ProcessorDomestic Warranty 1 Year For Handset And 6 month For Accessories.,4.5
20,"Google Pixel 7a (Sea, 128 GB)","₹27,999",8 GB RAM | 128 GB ROM15.49 cm (6.1 inch) Full HD+ Display64MP (OIS) + 13MP | 13MP Front Camera4300 mAh BatteryTensor G2 Processor1 Year Handset and 6 Months Accessories,4.1
21,"IQOO Z9S PRO 5G (Orange, 256 GB)","₹29,000",8 GB RAM | 256 GB ROM17.2 cm (6.77 inch) Display50MP Rear Camera5500 mAh Battery1 YEAR,4.5
22,"SAMSUNG Galaxy M35 5G (DayBreak Blue, 256 GB)","₹22,499",8 GB RAM | 256 GB ROM16.76 cm (6.6 inch) Display50MP Rear Camera6000 mAh Battery1 YEAR,4.3
23,"SAMSUNG Galaxy A36 5G (Awesome White, 128 GB)","₹30,999",8 GB RAM | 128 GB ROM17.02 cm (6.7 inch) Full HD+ Display50MP + 8MP | 12MP Front Camera5000 mAh BatteryQualcomm Snapdragon 6 Gen 3 Processor1 Year Manufacturer Warranty for Device and 6 Months for In-Box Accessories,4.3
24,"OPPO Reno 12 5G (Sunset Peach, 256 GB)","₹26,999",8 GB RAM | 256 GB ROM | Expandable Upto 1 TB17.02 cm (6.7 inch) Full HD+ Display50MP + 8MP + 2MP | 32MP Front Camera5000 mAh BatteryDimensity 7300 Energy Processor1 Year Manufacturer Warranty for Device and 6 Months Manufacturer Warranty for Inbox Accessories,4.4
25,"vivo Y300 5G (Emerald Green, 256 GB)","₹23,999",8 GB RAM | 256 GB ROM | Expandable Upto 2 TB16.94 cm (6.67 inch) Display50MP + 2MP | 32MP Front Camera5000 mAh Battery4 Gen 2 Processor1 Year Warranty on Handset and 6 Months on Inbox Accessories,4.4
26,"realme P3 5G (Space Silver, 128 GB)","₹16,999",6 GB RAM | 128 GB ROM | Expandable Upto 2 TB16.94 cm (6.67 inch) Full HD+ Display50MP + 2MP | 16MP Front Camera6000 mAh Battery6 Gen 4 Processor1 Year Manufacturer Warranty for Device and 6 Months Manufacturer Warranty for Inbox Accessories,4.4
27,"OPPO F29 Pro 5G (Marble White, 256 GB)","₹29,999",8 GB RAM | 256 GB ROM17.02 cm (6.7 inch) Full HD+ Display50MP + 2MP | 16MP Front Camera6000 mAh BatteryDimensity 7300 Processor1 Year Warranty on Handset and 6 Months Warranty on Accessories,4.4
28,"realme GT 6T 5G (Fluid Silver, 256 GB)","₹26,668",8 GB RAM | 256 GB ROM17.22 cm (6.78 inch) Display50MP Rear Camera5500 mAh Battery1 Year,4.5
29,"POCO F6 5G (Titanium, 512 GB)","₹26,999",12 GB RAM | 512 GB ROM16.94 cm (6.67 inch) Display50MP (OIS) + 8MP | 20MP Front Camera5000 mAh Battery8s Gen3 Processor1 Year Manufacturer Warranty for Phone and 6 Months Warranty for In the Box Accessories,4.3
30,"IQOO Neo 10R 5G (Raging Blue, 128 GB)","₹28,590",8 GB RAM | 128 GB ROM17.22 cm (6.78 inch) Display50MP Rear Camera6400 mAh Battery1 Year Manufacturer Warranty for Phone and 6 Months Warranty for In the Box Accessories,4.6
31,"IQOO Z7 Pro 5G (Blue Lagoon, 128 GB)","₹20,999",8 GB RAM | 128 GB ROM17.22 cm (6.78 inch) Display64MP + 2MP | 16MP Front Camera4600 mAh BatteryDimensity 7200 5G Mobile Platform Processor1 Year Manufacturer Warranty for Device and 6 Months Manufacturer Warranty for Inbox Accessories,4.4
32,"REDMI Note 14 Pro+ 5G (Titan Black, 128 GB)","₹29,999",8 GB RAM | 128 GB ROM16.94 cm (6.67 inch) Display50MP + 50MP + 8MP | 20MP Front Camera6200 mAh Battery7s Gen 3 Processor1 Year Manufacturer Warranty for Phone and 6 Months Warranty for In the Box Accessories,4.3
33,"realme P3 Ultra 5G (Glowing Lunar White, 128 GB)","₹26,999",8 GB RAM | 128 GB ROM17.35 cm (6.83 inch) Display50MP + 8MP | 16MP Front Camera6000 mAh BatteryDimensity 8350 Ultra Processor1 Year Manufacturer Warranty for Device and 6 Months Manufacturer Warranty for Inbox Accessories,4.4
34,"POCO X7 Pro 5G (Nebula Green, 256 GB)","₹25,999",8 GB RAM | 256 GB ROM16.94 cm (6.67 inch) Display50MP + 8MP | 20MP Front Camera6550 mAh BatteryDimensity D8400 Ultra Processor1 Year Manufacturer Warranty for Phone and 6 Months Warranty for In the Box Accessories,4.3
35,"OPPO F29 Pro 5G (Granite Black, 128 GB)","₹27,999",8 GB RAM | 128 GB ROM17.02 cm (6.7 inch) Full HD+ Display50MP + 2MP | 16MP Front Camera6000 mAh BatteryDimensity 7300 Processor1 Year Warranty on Handset and 6 Months Warranty on Accessories,4.4
36,"SAMSUNG Galaxy A35 5G (Awesome Lilac, 128 GB)","₹25,999",8 GB RAM | 128 GB ROM | Expandable Upto 1 TB16.76 cm (6.6 inch) Full HD+ Display50MP + 8MP + 5MP | 13MP Front Camera5000 mAh BatterySamsung Exynos 1380 Processor1 Year Manufacturer Warranty for Device and 6 Months for In-Box Accessories,4.3
37,"vivo V40e 5G (Mint Green, 256 GB)","₹28,999",8 GB RAM | 256 GB ROM17.2 cm (6.77 inch) Display50MP + 8MP | 50MP Front Camera5500 mAh BatteryDimensity 7300 Processor1 Year Warranty on Handset and 6 Months Warranty on Accessories,4.4
38,"vivo Y300 5G (Phantom Purple, 128 GB)","₹21,999",8 GB RAM | 128 GB ROM | Expandable Upto 2 TB16.94 cm (6.67 inch) Display50MP + 2MP | 32MP Front Camera5000 mAh Battery4 Gen 2 Processor1 Year Warranty on Handset and 6 Months on Inbox Accessories,4.4
39,"OnePlus Nord 4 5G (Oasis Green, 128 GB)","₹27,697",8 GB RAM | 128 GB ROM17.12 cm (6.74 inch) Display50MP Rear Camera5500 mAh Battery1 Year,4.5
40,"SAMSUNG Galaxy A35 5G (Awesome Iceblue, 128 GB)","₹24,825",8 GB RAM | 128 GB ROM | Expandable Upto 1 TB16.76 cm (6.6 inch) Full HD+ Display50MP + 8MP + 5MP | 13MP Front Camera5000 mAh BatterySamsung Exynos 1380 Processor1 Year Manufacturer Warranty for Device and 6 Months for In-Box Accessories,4.3
41,"realme P3 Ultra 5G (Glowing Lunar White, 256 GB)","₹27,999",8 GB RAM | 256 GB ROM17.35 cm (6.83 inch) Display50MP + 8MP | 16MP Front Camera6000 mAh BatteryDimensity 8350 Ultra Processor1 Year Manufacturer Warranty for Device and 6 Months Manufacturer Warranty for Inbox Accessories,4.4
42,"realme GT 6T 5G (Fluid Silver, 128 GB)","₹24,990",8 GB RAM | 128 GB ROM17.22 cm (6.78 inch) Display50MP Rear Camera5500 mAh Battery1 Year,4.5
43,"SAMSUNG Galaxy M35 5G (Thunder Grey, 128 GB)","₹17,180",8 GB RAM | 128 GB ROM16.76 cm (6.6 inch) Display50MP Rear Camera6000 mAh Battery1 YEAR,4.3
44,"Infinix GT 20 Pro (Mecha Silver, 256 GB)","₹26,999",12 GB RAM | 256 GB ROM17.22 cm (6.78 inch) Full HD+ Display108MP (OIS) + 2MP + 2MP | 32MP Front Camera5000 mAh BatteryDimensity 8200 Ultimate Processor1 Year Warranty,4.3
45,"realme 13 Pro+ 5G (Monet Purple, 256 GB)","₹25,999",8 GB RAM | 256 GB ROM17.02 cm (6.7 inch) Full HD+ Display50MP + 8MP + 50MP | 32MP Front Camera5200 mAh BatterySnapdragon 7s Gen2 Processor1 Year Manufacturer Warranty for Device and 6 Months Manufacturer Warranty for Inbox Accessories,4.4
46,"IQOO Z9S PRO 5G (Flamboyant Orange, 128 GB)","₹26,000",8 GB RAM | 128 GB ROM17.2 cm (6.77 inch) Display50MP Rear Camera5500 mAh Battery1 YEAR,4.5
47,"realme 13 Pro+ 5G (Emerald Green, 512 GB)","₹28,999",12 GB RAM | 512 GB ROM17.02 cm (6.7 inch) Full HD+ Display50MP + 8MP + 50MP | 32MP Front Camera5200 mAh BatterySnapdragon 7s Gen2 Processor1 Year Manufacturer Warranty for Device and 6 Months Manufacturer Warranty for Inbox Accessories,4.4
48,"SAMSUNG Galaxy F55 5G (Raisin Black, 256 GB)","₹26,999",12 GB RAM | 256 GB ROM | Expandable Upto 1 TB17.02 cm (6.7 inch) Full HD+ Display50MP + 8MP + 2MP | 50MP Front Camera5000 mAh Battery7 Gen 1 Processor1 Year Manufacturer Warranty for Device and 6 Months for In-Box Accessories,4.1
49,"OPPO F27 Pro+ (Midnight Navy, 256 GB)","₹27,999",8 GB RAM | 256 GB ROM17.02 cm (6.7 inch) Full HD+ Display64MP + 2MP | 8MP Front Camera5000 mAh BatteryDimensity 7050 Processor1 Year Manufacturer Warranty for Device and 6 Months Manufacturer Warranty for Inbox Accessories,4.3
50,"REDMI Note 14 Pro 5G (Phantom Purple, 256 GB)","₹25,999",8 GB RAM | 256 GB ROM16.94 cm (6.67 inch) Display50MP + 8MP + 2MP | 20MP Front Camera5500 mAh BatteryDimensity 7300 Ultra Processor1 Year Manufacturer Warranty for Phone and 6 Months Warranty for In the Box Accessories,4.4
51,"SAMSUNG Galaxy A26 5G (Awesome Mint, 256 GB)","₹27,999",8 GB RAM | 256 GB ROM | Expandable Upto 1 TB17.02 cm (6.7 inch) Full HD+ Display50MP + 8MP | 13MP Front Camera5000 mAh BatterySamsung Exynos 1380 Processor1 Year Manufacturer Warranty for Device and 6 Months for In-Box Accessories,3.8
52,"realme P3 5G (Space Silver, 128 GB)","₹16,999",6 GB RAM | 128 GB ROM | Expandable Upto 2 TB16.94 cm (6.67 inch) Full HD+ Display50MP + 2MP | 16MP Front Camera6000 mAh Battery6 Gen 4 Processor1 Year Manufacturer Warranty for Device and 6 Months Manufacturer Warranty for Inbox Accessories,4.4
53,"realme P3 Ultra 5G (Orion Red, 256 GB)","₹27,999",8 GB RAM | 256 GB ROM17.35 cm (6.83 inch) Display50MP + 8MP | 16MP Front Camera6000 mAh BatteryDimensity 8350 Ultra Processor1 Year Manufacturer Warranty for Device and 6 Months Manufacturer Warranty for Inbox Accessories,4.4
54,"realme 13 Pro 5G (Monet Gold, 512 GB)","₹26,999",12 GB RAM | 512 GB ROM17.02 cm (6.7 inch) Full HD+ Display50MP + 8MP + 2MP | 32MP Front Camera5200 mAh BatterySnapdragon 7s Gen2 Processor1 Year Manufacturer Warranty for Device and 6 Months Manufacturer Warranty for Inbox Accessories,4.3
55,"REDMI Note 14 Pro 5G (Titan Black, 256 GB)","₹25,999",8 GB RAM | 256 GB ROM16.94 cm (6.67 inch) Display50MP + 8MP + 2MP | 20MP Front Camera5500 mAh BatteryDimensity 7300 Ultra Processor1 Year Manufacturer Warranty for Phone and 6 Months Warranty for In the Box Accessories,4.4
56,"POCO X7 Pro 5G (Yellow, 256 GB)","₹25,999",8 GB RAM | 256 GB ROM16.94 cm (6.67 inch) Display50MP + 8MP | 20MP Front Camera6550 mAh BatteryDimensity D8400 Ultra Processor1 Year Manufacturer Warranty for Phone and 6 Months Warranty for In the Box Accessories,4.3
57,"SAMSUNG Galaxy A35 5G (Awesome Lilac, 256 GB)","₹28,999",8 GB RAM | 256 GB ROM | Expandable Upto 1 TB16.76 cm (6.6 inch) Full HD+ Display50MP + 8MP + 5MP | 13MP Front Camera5000 mAh BatteryExynos 1380 Processor1 Year Manufacturer Warranty for Device and 6 Months for In-Box Accessories,4.3
58,"vivo Y300 5G (Titanium Silver, 256 GB)","₹23,999",8 GB RAM | 256 GB ROM | Expandable Upto 2 TB16.94 cm (6.67 inch) Display50MP + 2MP | 32MP Front Camera5000 mAh Battery4 Gen 2 Processor1 Year Warranty on Handset and 6 Months on Inbox Accessories,4.4
59,"realme 14 Pro 5G (Pearl White, 256 GB)","₹26,999",8 GB RAM | 256 GB ROM17.2 cm (6.77 inch) Full HD+ Display50MP + 2MP | 16MP Front Camera6000 mAh BatteryDimensity 7300 Energy Processor1 Year Manufacturer Warranty for Device and 6 Months Manufacturer Warranty for Inbox Accessories,4.4
60,"Infinix Zero 40 5G (Moving Titanium, 256 GB)","₹25,999",12 GB RAM | 256 GB ROM17.22 cm (6.78 inch) Full HD+ Display108MP + 50MP + 2MP | 50MP Front Camera5000 mAh Lithium-ion Polymer BatteryDimensity 8200 Ultimate Processor1 Year Warranty on Handset and 6 Months Warranty on Accessories,4.2
61,"Infinix Zero 40 5G (Violet Garden, 256 GB)","₹25,999",12 GB RAM | 256 GB ROM17.22 cm (6.78 inch) Full HD+ Display108MP + 50MP + 2MP | 50MP Front Camera5000 mAh Lithium-ion Polymer BatteryDimensity 8200 Ultimate Processor1 Year Warranty on Handset and 6 Months Warranty on Accessories,4.2
62,"POCO X7 Pro 5G (Yellow, 256 GB)","₹27,999",12 GB RAM | 256 GB ROM16.94 cm (6.67 inch) Display50MP + 8MP | 20MP Front Camera6550 mAh BatteryDimensity D8400 Ultra Processor1 Year Manufacturer Warranty for Phone and 6 Months Warranty for In the Box Accessories,4.4
63,"SAMSUNG Galay A35 5G (Awesome Iceblue, 256 GB)","₹28,999",8 GB RAM | 256 GB ROM | Expandable Upto 1 TB16.76 cm (6.6 inch) Full HD+ Display50MP + 8MP + 5MP | 13MP Front Camera5000 mAh BatterySaung Exynos 1380 Processor1 Year Manufacturer Warranty for Device and 6 Months for In-Box Accessories,4.3
64,"REDMI Note 14 Pro 5G (Ivy Green, 256 GB)","₹25,999",8 GB RAM | 256 GB ROM16.94 cm (6.67 inch) Display50MP + 8MP + 2MP | 20MP Front Camera5500 mAh BatteryDimensity 7300 Ultra Processor1 Year Manufacturer Warranty for Phone and 6 Months Warranty for In the Box Accessories,4.4
65,"Honor X9b (Midnight Black, 256 GB)","₹26,999",8 GB RAM | 256 GB ROM17.22 cm (6.78 inch) Full HD+ Display108MP + 5MP + 2MP | 16MP Front Camera5800 mAh BatteryQualcomm Snapdragon 6 Gen 1 Processor1 Year Manufacturer Warranty for Device and 6 Months Manufacturer Warranty for Inbox Accessories,4.1
66,"Infinix GT 20 Pro (Mecha Orange, 256 GB)","₹26,999",12 GB RAM | 256 GB ROM17.22 cm (6.78 inch) Full HD+ Display108MP (OIS) + 2MP + 2MP | 32MP Front Camera5000 mAh BatteryDimensity 8200 Ultimate Processor1 Year Warranty,4.3
67,"REDMI Note 13 Pro+ 5G (Fusion White, 256 GB)","₹23,679",8 GB RAM | 256 GB ROM16.94 cm (6.67 inch) Display200MP (OIS) + 8MP + 2MP | 16MP Front Camera5000 mAh BatteryDimensity 7200 Ultra 5G Processor1 Year Manufacturer Warranty for Phone and 6 Months Warranty for In the Box Accessories,4.3
68,"realme GT Neo 3 (Nitro Blue, 256 GB)","₹25,550",8 GB RAM | 256 GB ROM17.02 cm (6.7 inch) Full HD+ Display50MP + 8MP + 2MP | 16MP Front Camera5000 mAh Lithium Ion BatteryMediatek Dimensity 8100 Processor1 Year Manufacturer Warranty for Phone and 6 Months Warranty for In-Box Accessories,4.2
69,"Motorola Edge 50 Pro 5G with 68W Charger (Luxe Lavender, 256 GB)","₹27,999",8 GB RAM | 256 GB ROM17.02 cm (6.7 inch) Display50MP + 13MP + 10MP | 50MP Front Camera4500 mAh Battery7 Gen 3 Mobile Platform Processor1 Year on Handset and 6 Months on Accessories,4.4
70,"SAMSUNG Galaxy M35 5G (DayBreak Blue, 128 GB)","₹16,480",8 GB RAM | 128 GB ROM16.76 cm (6.6 inch) Display50MP Rear Camera6000 mAh Battery1 YEAR,4.3
71,"OPPO F29 Pro 5G (Marble White, 128 GB)","₹27,999",8 GB RAM | 128 GB ROM17.02 cm (6.7 inch) Full HD+ Display50MP + 2MP | 16MP Front Camera6000 mAh BatteryDimensity 7300 Processor1 Year Warranty on Handset and 6 Months Warranty on Accessories,4.4
72,"realme P3 5G (Comet Grey, 128 GB)","₹16,999",6 GB RAM | 128 GB ROM | Expandable Upto 2 TB16.94 cm (6.67 inch) Full HD+ Display50MP + 2MP | 16MP Front Camera6000 mAh Battery6 Gen 4 Processor1 Year Manufacturer Warranty for Device and 6 Months Manufacturer Warranty for Inbox Accessories,4.4
73,"OPPO F29 Pro 5G (Marble White, 128 GB)","₹27,999",8 GB RAM | 128 GB ROM17.02 cm (6.7 inch) Full HD+ Display50MP + 2MP | 16MP Front Camera6000 mAh BatteryDimensity 7300 Processor1 Year Warranty on Handset and 6 Months Warranty on Accessories,4.4
74,"realme GT 6T 5G (Miracle Purple, 256 GB)","₹26,199",8 GB RAM | 256 GB ROM17.22 cm (6.78 inch) Display50MP Rear Camera5500 mAh Battery1 Year,4.5
75,"OPPO Reno 12 5G (Astro Silver, 256 GB)","₹26,999",8 GB RAM | 256 GB ROM | Expandable Upto 1 TB17.02 cm (6.7 inch) Full HD+ Display50MP + 8MP + 2MP | 32MP Front Camera5000 mAh BatteryDimensity 7300 Energy Processor1 Year Manufacturer Warranty for Device and 6 Months Manufacturer Warranty for Inbox Accessories,4.4
76,"REDMI Note 13 Pro+ 5G (Fusion Purple, 256 GB)","₹25,794",12 GB RAM | 256 GB ROM16.94 cm (6.67 inch) Display200MP (OIS) + 8MP + 2MP | 16MP Front Camera5000 mAh BatteryDimensity 7200 Ultra 5G Processor1 Year Manufacturer Warranty for Phone and 6 Months Warranty for In the Box Accessories,4.2
77,"realme P3 Pro 5G (Nebula Glow, 256 GB)","₹26,999",12 GB RAM | 256 GB ROM17.35 cm (6.83 inch) Display50MP + 2MP | 16MP Front Camera6000 mAh Battery7s Gen 3 Mobile Platform Processor1 Year Manufacturer Warranty for Device and 6 Months Manufacturer Warranty for Inbox Accessories,4.4
78,"realme P3 Pro 5G (Saturn Brown, 256 GB)","₹26,999",12 GB RAM | 256 GB ROM17.35 cm (6.83 inch) Display50MP + 2MP | 16MP Front Camera6000 mAh Battery7s Gen 3 Mobile Platform Processor1 Year Manufacturer Warranty for Device and 6 Months Manufacturer Warranty for Inbox Accessories,4.4
79,"vivo V30 5G (Peacock Green, 128 GB)","₹29,999",8 GB RAM | 128 GB ROM17.22 cm (6.78 inch) Full HD+ Display50MP + 50MP | 50MP Front Camera5000 mAh Battery7 Gen 3 Processor1 Year Manufacturer Warranty for Device and 6 Months Manufacturer Warranty for Inbox Accessories,4.5
80,"realme 13+ 5G (Victory Gold, 256 GB)","₹26,999",12 GB RAM | 256 GB ROM | Expandable Upto 2 TB16.94 cm (6.67 inch) Full HD+ Display50MP + 2MP | 16MP Front Camera5000 mAh BatteryDimensity 7300 Energy Processor1 Year Manufacturer Warranty for Device and 6 Months Manufacturer Warranty for Inbox Accessories,4.3
81,"SAMSUNG Galaxy A35 5G (Awesome Navy, 256 GB)","₹28,999",8 GB RAM | 256 GB ROM | Expandable Upto 1 TB16.76 cm (6.6 inch) Full HD+ Display50MP + 8MP + 5MP | 13MP Front Camera5000 mAh BatterySamsung Exynos 1380 Processor1 Year Manufacturer Warranty for Device and 6 Months for In-Box Accessories,4.3
82,"Infinix GT 20 Pro (Mecha Blue, 256 GB)","₹26,999",12 GB RAM | 256 GB ROM17.22 cm (6.78 inch) Full HD+ Display108MP (OIS) + 2MP + 2MP | 32MP Front Camera5000 mAh BatteryDimensity 8200 Ultimate Processor1 Year Warranty,4.3
83,"SAMSUNG Galaxy M35 5G (Thunder Grey, 256 GB)","₹22,489",8 GB RAM | 256 GB ROM16.76 cm (6.6 inch) Display50MP Rear Camera6000 mAh Battery1 YEAR,4.3
84,"realme P3 Ultra 5G (Neptune Blue, 128 GB)","₹26,999",8 GB RAM | 128 GB ROM17.35 cm (6.83 inch) Display50MP + 8MP | 16MP Front Camera6000 mAh BatteryDimensity 8350 Ultra Processor1 Year Manufacturer Warranty for Device and 6 Months Manufacturer Warranty for Inbox Accessories,4.4
85,"OPPO F29 Pro 5G (Granite Black, 256 GB)","₹29,999",8 GB RAM | 256 GB ROM17.02 cm (6.7 inch) Full HD+ Display50MP + 2MP | 16MP Front Camera6000 mAh BatteryDimensity 7300 Processor1 Year Warranty on Handset and 6 Months Warranty on Accessories,4.4
86,"POCO F4 5G (Night Black, 128 GB)","₹29,999",8 GB RAM | 128 GB ROM16.94 cm (6.67 inch) Full HD+ Display64MP + 8MP + 2MP | 20MP Front Camera4500 mAh Lithium-ion Polymer BatteryQualcomm Snapdragon 870 Processor2 Years Brand Warranty,4.3
87,"vivo V30e (Velvet Red, 128 GB)","₹25,999",8 GB RAM | 128 GB ROM17.22 cm (6.78 inch) Full HD+ Display50MP + 8MP | 50MP Front Camera5500 mAh Battery6 Gen 1 Processor1 Year Manufacturer Warranty for Device and 6 Months Manufacturer Warranty for Inbox Accessories,4.4
88,"realme GT 6T 5G (Razor Green, 256 GB)","₹29,199",12 GB RAM | 256 GB ROM17.22 cm (6.78 inch) Display50MP Rear Camera5500 mAh Battery1 Year,4.5
89,"Honor 90 5G (Emerald Green, 256 GB)","₹29,999",8 GB RAM | 256 GB ROM17.02 cm (6.7 inch) Display200MP Rear Camera5000 mAh Battery1 year manufacturer warranty for handset & 6 months for accessories,4.1
90,"SAMSUNG Galaxy A25 5G (Blue, 128 GB)","₹18,790",8 GB RAM | 128 GB ROM | Expandable Upto 1 TB16.51 cm (6.5 inch) Full HD+ Display50MP + 8MP + 2MP | 13MP Front Camera5000 mAh BatteryExynos 1280 Processor1 Year Manufacturer Warranty for Device and 6 Months for In-Box Accessories,4.2
91,"realme GT 2 Pro (Steel Black, 128 GB)","₹28,990",8 GB RAM | 128 GB ROM17.02 cm (6.7 inch) Quad HD Display50MP + 50MP + 2MP | 32MP Front Camera5000 mAh Lithium Ion BatteryQualcomm Snapdragon 8 Gen 1 Mobile Platform Processor1 Year Manufacturer Warranty for Phone and 6 Months Warranty for In-Box Accessories,4.2
92,"OnePlus Nord (Gray Onyx, 256 GB)","₹25,999",12 GB RAM | 256 GB ROM16.36 cm (6.44 inch) Full HD+ Display48MP + 8MP | 32MP + 8MP Dual Front Camera4115 mAh BatteryQualcomm® Snapdragon™ 765G Processor1 Year,3.9
93,"SAMSUNG Galaxy A35 5G (Awesome Navy, 128 GB)","₹27,599",8 GB RAM | 128 GB ROM | Expandable Upto 1 TB16.76 cm (6.6 inch) Full HD+ Display50MP + 8MP + 5MP | 13MP Front Camera5000 mAh BatterySamsung Exynos 1380 Processor1 Year Manufacturer Warranty for Device and 6 Months for In-Box Accessories,4.3
94,"realme 13+ 5G (Speed Green, 256 GB)","₹26,999",12 GB RAM | 256 GB ROM | Expandable Upto 2 TB16.94 cm (6.67 inch) Full HD+ Display50MP + 2MP | 16MP Front Camera5000 mAh BatteryDimensity 7300 Energy Processor1 Year Manufacturer Warranty for Device and 6 Months Manufacturer Warranty for Inbox Accessories,4.3
95,"Motorola Edge 50 Pro 5G with 125W Charger (Moonlight Pearl, 256 GB)","₹29,999",12 GB RAM | 256 GB ROM17.02 cm (6.7 inch) Display50MP + 13MP + 10MP | 50MP Front Camera4500 mAh Battery7 Gen 3 Mobile Platform Processor1 Year on Handset and 6 Months on Accessories,4.4
96,"realme P3 5G (Space Silver, 128 GB)","₹16,999",6 GB RAM | 128 GB ROM | Expandable Upto 2 TB16.94 cm (6.67 inch) Full HD+ Display50MP + 2MP | 16MP Front Camera6000 mAh Battery6 Gen 4 Processor1 Year Manufacturer Warranty for Device and 6 Months Manufacturer Warranty for Inbox Accessories,4.4
97,"SAMSUNG Galaxy A35 5G (Awesome Lilac, 128 GB)","₹25,849",8 GB RAM | 128 GB ROM | Expandable Upto 1 TB16.76 cm (6.6 inch) Full HD+ Display50MP + 8MP + 5MP | 13MP Front Camera5000 mAh BatteryExynos 1380 Processor1 Year Manufacturer Warranty for Device and 6 Months for In-Box Accessories,4.3
98,"realme 13+ 5G (Speed Green, 256 GB)","₹26,999",12 GB RAM | 256 GB ROM | Expandable Upto 2 TB16.94 cm (6.67 inch) Full HD+ Display50MP + 2MP | 16MP Front Camera5000 mAh BatteryDimensity 7300 Energy Processor1 Year Manufacturer Warranty for Device and 6 Months Manufacturer Warranty for Inbox Accessories,4.3
99,"realme 13+ 5G (Victory Gold, 256 GB)","₹26,999",12 GB RAM | 256 GB ROM | Expandable Upto 2 TB16.94 cm (6.67 inch) Full HD+ Display50MP + 2MP | 16MP Front Camera5000 mAh BatteryDimensity 7300 Energy Processor1 Year Manufacturer Warranty for Device and 6 Months Manufacturer Warranty for Inbox Accessories,4.3
100,"SAMSUNG Galaxy A25 5G (Blue Black, 128 GB)","₹19,270",8 GB RAM | 128 GB ROM | Expandable Upto 1 TB16.51 cm (6.5 inch) Full HD+ Display50MP + 8MP + 2MP | 13MP Front Camera5000 mAh BatteryExynos 1280 Processor1 Year Manufacturer Warranty for Device and 6 Months for In-Box Accessories,4.2
101,"REDMI Note 13 Pro+ 5G (Fusion Black, 512 GB)","₹26,499",12 GB RAM | 512 GB ROM16.94 cm (6.67 inch) Display200MP (OIS) + 8MP + 2MP | 16MP Front Camera5000 mAh BatteryDimensity 7200 Ultra 5G Processor1 Year Manufacturer Warranty for Phone and 6 Months Warranty for In the Box Accessories,4.2
102,"Infinix Zero 40 5G (Violet Garden, 256 GB)","₹25,999",12 GB RAM | 256 GB ROM17.22 cm (6.78 inch) Full HD+ Display108MP + 50MP + 2MP | 50MP Front Camera5000 mAh Lithium-ion Polymer BatteryDimensity 8200 Ultimate Processor1 Year Warranty on Handset and 6 Months Warranty on Accessories,4.2
103,"Nothing Phone (2a) Plus (Grey, 256 GB)","₹27,999",8 GB RAM | 256 GB ROM17.02 cm (6.7 inch) Full HD+ Display50MP + 50MP | 50MP Front Camera5000 mAh BatteryDimensity 7350 Pro 5G Processor1 Year Manufacturing Warranty,4.4
104,"POCO X6 Pro 5G (Racing Grey, 256 GB)","₹26,999",8 GB RAM | 256 GB ROM16.94 cm (6.67 inch) Display64MP + 8MP + 2MP | 16MP Front Camera5000 mAh BatteryDimensity D8300 Ultra Processor1 Year Manufacturer Warranty for Phone and 6 Months Warranty for In the Box Accessories,4.3
105,"REDMI Note 14 Pro+ 5G (Phantom Purple, 128 GB)","₹29,999",8 GB RAM | 128 GB ROM16.94 cm (6.67 inch) Display50MP + 50MP + 8MP | 20MP Front Camera6200 mAh Battery7s Gen 3 Processor1 Year Manufacturer Warranty for Phone and 6 Months Warranty for In the Box Accessories,4.3
106,"REDMI Note 13 Pro+ 5G (Fusion Black, 256 GB)","₹26,500",12 GB RAM | 256 GB ROM16.94 cm (6.67 inch) Display200MP (OIS) + 8MP + 2MP | 16MP Front Camera5000 mAh BatteryDimensity 7200 Ultra 5G Processor1 Year Manufacturer Warranty for Phone and 6 Months Warranty for In the Box Accessories,4.2
107,"SAMSUNG Galaxy A25 5G (Yellow, 128 GB)","₹18,299",8 GB RAM | 128 GB ROM | Expandable Upto 1 TB16.51 cm (6.5 inch) Full HD+ Display50MP + 8MP + 2MP | 13MP Front Camera5000 mAh BatteryExynos 1280 Processor1 Year Manufacturer Warranty for Device and 6 Months for In-Box Accessories,4.2
108,"IQOO Z9S PRO 5G (Orange, 256 GB)","₹29,000",8 GB RAM | 256 GB ROM17.2 cm (6.77 inch) Display50MP Rear Camera5500 mAh Battery1 YEAR,4.5
109,"vivo V30e (Velvet Red, 256 GB)","₹27,999",8 GB RAM | 256 GB ROM17.22 cm (6.78 inch) Full HD+ Display50MP + 8MP | 50MP Front Camera5500 mAh Battery6 Gen 1 Processor1 Year Manufacturer Warranty for Device and 6 Months Manufacturer Warranty for Inbox Accessories,4.4
110,"Redmi K20 Pro (Glacier Blue, 128 GB)","₹28,999",6 GB RAM | 128 GB ROM16.23 cm (6.39 inch) Full HD+ Display48MP + 13MP + 8MP | 20MP Front Camera4000 mAh Li-polymer BatteryQualcomm Snapdragon 855 ProcessorBrand Warranty of 1 Year Available for Mobile and 6 Months for Accessories,4.5
111,"vivo V23 Pro 5G (Sunshine Gold, 128 GB)","₹38,990",8 GB RAM | 128 GB ROM16.66 cm (6.56 inch) Full HD+ Display108MP + 8MP + 2MP | 50MP + 8MP Dual Front Camera4300 mAh Lithium BatteryMediatek Dimensity 1200 Processor1 Year Manufacturer Warranty for Phone and 6 Months Warranty for In the Box Accessories,4.3
112,"SAMSUNG Galaxy M55 5G (Light Green, 256 GB)","₹27,983",12 GB RAM | 256 GB ROM17.02 cm (6.7 inch) Display50MP Rear Camera5000 mAh BatteryDomestic Warranty 1 year for handset and 6 months for accessories.,4.2
113,"SAMSUNG Galaxy A35 5G (Awesome Navy, 256 GB)","₹27,999",8 GB RAM | 256 GB ROM | Expandable Upto 1 TB16.76 cm (6.6 inch) Full HD+ Display50MP + 8MP + 5MP | 13MP Front Camera5000 mAh BatterySamsung Exynos 1380 Processor1 Year Manufacturer Warranty for Device and 6 Months for In-Box Accessories,4.3
114,"OPPO Reno8T 5G (Midnight Black, 128 GB)","₹38,999",8 GB RAM | 128 GB ROM | Expandable Upto 1 TB17.02 cm (6.7 inch) Full HD+ Display108MP + 2MP + 2MP | 32MP Front Camera4800 mAh Lithium-ion Polymer BatteryQualcomm Snapdragon 695 Processor67W SUPERVOOC TM Charger I Dual Stereo Speakers120Hz 3D Curved AMOLED Screen1 Year on Handset and 6 Months on Accessories,4.3
115,"REDMI Note-14 Pro 5G (Ivy Green, 256 GB)","₹25,949",8 GB RAM | 256 GB ROM16.94 cm (6.67 inch) Display50MP + 8MP + 2MP | 20MP Front Camera5500 mAh BatteryDimensity 7300 Ultra Processor1 Year Manufacturer Warranty for Phone and 6 Months Warranty for In the Box Accessories,4.2
116,"SAMSUNG Galaxy A25 5G (Blue, 256 GB)","₹25,299",8 GB RAM | 256 GB ROM | Expandable Upto 1 TB16.51 cm (6.5 inch) Full HD+ Display50MP + 8MP + 2MP | 13MP Front Camera5000 mAh BatteryExynos 1280 Processor1 Year Manufacturer Warranty for Device and 6 Months for In-Box Accessories,4.2
117,"REDMI Note-14 Pro 5G (Ivy Green, 128 GB)","₹25,480",8 GB RAM | 128 GB ROM16.94 cm (6.67 inch) Display50MP + 8MP + 2MP | 20MP Front Camera5500 mAh BatteryDimensity 7300 Ultra Processor1 Year Manufacturer Warranty for Phone and 6 Months Warranty for In the Box Accessories,4.2
118,"vivo V23 Pro 5G (Stardust Black, 128 GB)","₹38,990",8 GB RAM | 128 GB ROM | Expandable Upto 12 GB16.66 cm (6.56 inch) Full HD+ Display108MP + 8MP + 2MP | 50MP + 8MP Dual Front Camera4300 mAh Lithium BatteryMediatek Dimensity 1200 Processor1 Year Manufacturer Warranty for Phone and 6 Months Warranty for In the Box Accessories,4.3
119,"SAMSUNG Galaxy A26 5G (Awesome Mint, 256 GB)","₹27,999",8 GB RAM | 256 GB ROM | Expandable Upto 1 TB17.02 cm (6.7 inch) Full HD+ Display50MP + 8MP | 13MP Front Camera5000 mAh BatterySamsung Exynos 1380 Processor1 Year Manufacturer Warranty for Device and 6 Months for In-Box Accessories,3.8
120,"IQOO Z7 Pro 5G (Blue Lagoon, 128 GB)","₹20,999",8 GB RAM | 128 GB ROM17.22 cm (6.78 inch) Display64MP + 2MP | 16MP Front Camera4600 mAh BatteryDimensity 7200 5G Mobile Platform Processor1 Year Manufacturer Warranty for Device and 6 Months Manufacturer Warranty for Inbox Accessories,4.4
121,"realme GT 5G (Dashing Silver, 128 GB)","₹40,999",8 GB RAM | 128 GB ROM16.33 cm (6.43 inch) Full HD+ Display64MP + 8MP + 2MP | 16MP Front Camera4500 mAh BatteryQualcomm Snapdragon 888 Processor1 Year Warranty for Mobile and 6 Months for Accessories,4.2
122,"realme P3 5G (Space Silver, 128 GB)","₹16,999",6 GB RAM | 128 GB ROM | Expandable Upto 2 TB16.94 cm (6.67 inch) Full HD+ Display50MP + 2MP | 16MP Front Camera6000 mAh Battery6 Gen 4 Processor1 Year Manufacturer Warranty for Device and 6 Months Manufacturer Warranty for Inbox Accessories,4.4
123,"OPPO Reno8T 5G (Sunrise Gold, 128 GB)","₹38,999",8 GB RAM | 128 GB ROM | Expandable Upto 1 TB17.02 cm (6.7 inch) Full HD+ Display108MP + 2MP + 2MP | 32MP Front Camera4800 mAh Lithium-ion Polymer BatteryQualcomm Snapdragon 695 Processor67W SUPERVOOC TM Charger I Dual Stereo Speakers120Hz 3D Curved AMOLED Screen1 Year on Handset and 6 Months on Accessories,4.3
124,"POCO X6 Pro 5G (Yellow, 256 GB)","₹26,999",8 GB RAM | 256 GB ROM16.94 cm (6.67 inch) Display64MP + 8MP + 2MP | 16MP Front Camera5000 mAh BatteryDimensity D8300 Ultra Processor1 Year Manufacturer Warranty for Phone and 6 Months Warranty for In the Box Accessories,4.3
125,"vivo V25 Pro 5G (Pure Black, 128 GB)","₹35,999",8 GB RAM | 128 GB ROM16.66 cm (6.56 inch) Full HD+ Display64MP + 8MP + 2MP | 32MP Front Camera4830 mAh Lithium BatteryMediatek Dimensity 1300 ProcessorColor Changing Fluorite AG Glass Design120 Hz 3D Curve Display1 Year on Handset and 6 Months on Accessories,4.3
126,"vivo V25 Pro 5G (Sailing Blue, 128 GB)","₹35,999",8 GB RAM | 128 GB ROM16.66 cm (6.56 inch) Full HD+ Display64MP + 8MP + 2MP | 32MP Front Camera4830 mAh Lithium BatteryMediatek Dimensity 1300 ProcessorColor Changing Fluorite AG Glass Design120 Hz 3D Curve Display1 Year on Handset and 6 Months on Accessories,4.3
127,"SAMSUNG Galaxy A25 5G (Blue Black, 256 GB)","₹22,990",8 GB RAM | 256 GB ROM | Expandable Upto 1 TB16.51 cm (6.5 inch) Full HD+ Display50MP + 8MP + 2MP | 13MP Front Camera5000 mAh BatteryExynos 1280 Processor1 Year Manufacturer Warranty for Device and 6 Months for In-Box Accessories,4.2
128,"POCO X6 Pro 5G (Spectre Black, 256 GB)","₹26,999",8 GB RAM | 256 GB ROM16.94 cm (6.67 inch) Display64MP + 8MP + 2MP | 16MP Front Camera5000 mAh BatteryDimensity D8300 Ultra Processor1 Year Manufacturer Warranty for Phone and 6 Months Warranty for In the Box Accessories,4.3
129,"REDMI Note 12 Pro 5G (Stardust Purple, 256 GB)","₹25,499",12 GB RAM | 256 GB ROM16.94 cm (6.67 inch) Full HD+ AMOLED Display50MP (OIS) + 8MP + 2MP | 16MP Front Camera5000 mAh Lithium Polymer BatteryMediatek Dimensity 1080 Processor1 Year Manufacturer Warranty for Phone and 6 Months Warranty for In the Box Accessories,4.2
130,"realme GT NEO 3 (150W) (Asphalt Black, 256 GB)","₹42,999",12 GB RAM | 256 GB ROM17.02 cm (6.7 inch) Full HD+ Display50MP + 8MP + 2MP | 16MP Front Camera4500 mAh Lithium Ion BatteryMediatek Dimensity 8100 Processor1 Year Manufacturer Warranty for Phone and 6 Months Warranty for In-Box Accessories,4.3
131,"realme GT Neo 3 (Nitro Blue, 256 GB)","₹25,550",8 GB RAM | 256 GB ROM17.02 cm (6.7 inch) Full HD+ Display50MP + 8MP + 2MP | 16MP Front Camera5000 mAh Lithium Ion BatteryMediatek Dimensity 8100 Processor1 Year Manufacturer Warranty for Phone and 6 Months Warranty for In-Box Accessories,4.2
132,"POCO F4 5G (Night Black, 128 GB)","₹29,999",8 GB RAM | 128 GB ROM16.94 cm (6.67 inch) Full HD+ Display64MP + 8MP + 2MP | 20MP Front Camera4500 mAh Lithium-ion Polymer BatteryQualcomm Snapdragon 870 Processor2 Years Brand Warranty,4.3
133,"vivo V25 Pro 5G (sailing blue, 128 GB)","₹26,999",8 GB RAM | 128 GB ROM16.66 cm (6.56 inch) Full HD+ Display64MP + 8MP + 2MP | 32MP Front Camera4830 mAh BatteryMediatek Dimensity 1300 Processor1 Year on Handset and 6 Months on Accessories,4.3
134,"vivo V25 5G (Sunrise Gold, 128 GB)","₹27,999",8 GB RAM | 128 GB ROM16.36 cm (6.44 inch) Full HD+ Display64MP + 8MP + 2MP | 50MP Front Camera4500 mAh Lithium BatteryDimensity 900 Processor1 Year of Device & 6 Months for In-Box Accessories,4.3
135,"SAMSUNG Galaxy A26 5G (Awesome Black, 256 GB)","₹27,999",8 GB RAM | 256 GB ROM | Expandable Upto 1 TB17.02 cm (6.7 inch) Full HD+ Display50MP + 8MP | 13MP Front Camera5000 mAh BatterySamsung Exynos 1380 Processor1 Year Manufacturer Warranty for Device and 6 Months for In-Box Accessories,3.8
136,"realme GT Neo 3T (Drifting White, 256 GB)","₹33,999",8 GB RAM | 256 GB ROM16.81 cm (6.62 inch) Full HD+ AMOLED Display64MP + 8MP + 2MP | 16MP Front Camera5000 mAh Lithium Ion BatteryQualcomm Snapdragon 870 Processor1 Year Manufacturer Warranty for Phone and 6 Months Warranty for In-Box Accessories,4.3
137,"POCO F4 5G (Green, 128 GB)","₹27,999",6 GB RAM | 128 GB ROM16.94 cm (6.67 inch) Full HD+ Display64MP + 8MP + 2MP | 20MP Front Camera4500 mAh Lithium-ion Polymer BatteryQualcomm Snapdragon 870 Processor2 Years Brand Warranty,4.3
138,"REDMI Note 13 Pro+ 5G (Fusion Purple, 256 GB)","₹25,770",12 GB RAM | 256 GB ROM16.94 cm (6.67 inch) Display200MP (OIS) + 8MP + 2MP | 16MP Front Camera5000 mAh BatteryDimensity 7200 Ultra 5G Processor1 Year Manufacturer Warranty for Phone and 6 Months Warranty for In the Box Accessories,4.2
139,"vivo Y200 5G (Jungle Green, 128 GB)","₹26,999",8 GB RAM | 128 GB ROM16.94 cm (6.67 inch) Full HD+ Display64MP + 2MP | 16MP Front Camera4800 mAh Battery4 Gen 1 Processor1 Year Manufacturer Warranty for Device and 6 Months Manufacturer Warranty for Inbox Accessories,4.4
140,"Motorola Edge 30 (Meteor Grey, 128 GB)","₹25,499",8 GB RAM | 128 GB ROM16.64 cm (6.55 inch) Full HD+ Display50MP + 50MP + 2MP | 32MP Front Camera4020 mAh Lithium BatteryQualcomm Snapdragon 778G Plus Processor1 Year on Handset and 6 Months on Accessories,4.1
141,"REDMI Note 12 Pro 5G (Glacier Blue, 256 GB)","₹26,999",12 GB RAM | 256 GB ROM16.94 cm (6.67 inch) Full HD+ AMOLED Display50MP (OIS) + 8MP + 2MP | 16MP Front Camera5000 mAh Lithium Polymer BatteryMediatek Dimensity 1080 Processor1 Year Manufacturer Warranty for Phone and 6 Months Warranty for In the Box Accessories,4.2
142,"OPPO Reno8 5G (Shimmer Black, 128 GB)","₹27,999",8 GB RAM | 128 GB ROM16.33 cm (6.43 inch) Full HD Display50MP + 8MP + 2MP | 32MP Front Camera4500 mAh Lithium-ion Polymer BatteryMediatek Dimensity 1300 Processor1 Year Warranty for Phone and 6 Months Warranty for In-Box Accessories,4.3
143,"OPPO F27 Pro+ (Dusk Pink, 256 GB)","₹27,999",8 GB RAM | 256 GB ROM17.02 cm (6.7 inch) Full HD+ Display64MP + 2MP | 8MP Front Camera5000 mAh BatteryDimensity 7050 Processor1 Year Manufacturer Warranty for Device and 6 Months Manufacturer Warranty for Inbox Accessories,4.3
144,"POCO F4 5G (Green, 128 GB)","₹25,999",6 GB RAM | 128 GB ROM16.94 cm (6.67 inch) Full HD+ Display64MP + 8MP + 2MP | 20MP Front Camera4500 mAh Lithium-ion Polymer BatteryQualcomm Snapdragon 870 Processor2 Years Brand Warranty,4.3
145,"realme 10 Pro+ 5G (Hyperspace, 128 GB)","₹16,999",8 GB RAM | 128 GB ROM17.02 cm (6.7 inch) Full HD+ Display108MP + 8MP + 2MP | 16MP Front Camera5000 mAh BatteryMediatek Dimensity 1080 5G Processor1 Year Manufacturer Warranty for Phone and 6 Months Warranty for In-Box Accessories,4.4
146,"realme P3 5G (Comet Grey, 128 GB)","₹25,999",6 GB RAM | 128 GB ROM | Expandable Upto 2 TB16.94 cm (6.67 inch) Full HD+ Display50MP + 2MP | 16MP Front Camera6000 mAh Battery6 Gen 4 Processor1 Year Manufacturer Warranty for Device and 6 Months Manufacturer Warranty for Inbox Accessories,4.4
147,"SAMSUNG M55 5G (Light Green, 256 GB)","₹28,999",8 GB RAM | 256 GB ROM17.02 cm (6.7 inch) Display50MP Rear Camera5000 mAh BatteryDomestic Warranty 1 year for handset and 6 months for accessories.,3.6
148,"REDMI Note-14 Pro 5G (Phantom Purple, 256 GB)","₹29,999",8 GB RAM | 256 GB ROM16.94 cm (6.67 inch) Display50MP + 8MP + 2MP | 20MP Front Camera5500 mAh BatteryDimensity 7300 Ultra Processor1 Year Manufacturer Warranty for Phone and 6 Months Warranty for In the Box Accessories,4.2
149,"realme GT Neo 3T (Drifting White, 128 GB)","₹27,599",6 GB RAM | 128 GB ROM16.81 cm (6.62 inch) Full HD+ AMOLED Display64MP + 8MP + 2MP | 16MP Front Camera5000 mAh Lithium Ion BatteryQualcomm Snapdragon 870 Processor1 Year Manufacturer Warranty for Phone and 6 Months Warranty for In-Box Accessories,4.3
150,"SAMSUNG Galaxy A35 5G (Awesome Navy, 128 GB)","₹29,998",8 GB RAM | 128 GB ROM | Expandable Upto 1 TB16.76 cm (6.6 inch) Full HD+ Display50MP + 8MP + 5MP | 13MP Front Camera5000 mAh BatterySamsung Exynos 1380 Processor1 Year Manufacturer Warranty for Device and 6 Months for In-Box Accessories,4.3
151,"SAMSUNG Galaxy M55 5G (Danim Black, 256 GB)","₹29,999",12 GB RAM | 256 GB ROM17.02 cm (6.7 inch) Display50MP Rear Camera5000 mAh BatteryDomestic Warranty 1 year for handset and 6 months for accessories.,4.2
152,"realme GT Neo 3T (Dash Yellow, 128 GB)","₹24,999",6 GB RAM | 128 GB ROM16.81 cm (6.62 inch) Full HD+ AMOLED Display64MP + 8MP + 2MP | 16MP Front Camera5000 mAh Lithium Ion BatteryQualcomm Snapdragon 870 Processor1 Year Manufacturer Warranty for Phone and 6 Months Warranty for In-Box Accessories,4.3
153,"OnePlus Nord 3 5G (Misty Green, 128 GB)","₹26,666",8 GB RAM | 128 GB ROM17.12 cm (6.74 inch) Display50MP Rear Camera5000 mAh BatteryDomestic 1 Year of Device & 6 Months for In-Box Accessories,4.3
154,"SAMSUNG Galaxy M55 5G (Denim Black / Black, 256 GB)","₹28,100","8 GB RAM | 256 GB ROM17.02 cm (6.7 inch) Display50MP Rear Camera5000 mAh BatteryOcta-Core |2.4GHz, 2.36 GHz, 1.8GHz ProcessorDomestic Warranty 1 year for handset and 6 months for accessories.",3.6
155,"Honor 200 5G (Moonlight White, 256 GB)","₹24,390",8 GB RAM | 256 GB ROM17.02 cm (6.7 inch) Full HD+ Super AMOLED Display50MP + 50MP + 12MP | 50MP Front Camera5200 mAh BatterySnapdragon 7 Gen 3 Processor1 year manufacturer's warranty for handset & 6 months for accessories,4.5
156,"realme GT 5G (Dashing Blue, 128 GB)","₹18,790",8 GB RAM | 128 GB ROM16.33 cm (6.43 inch) Full HD+ Display64MP + 8MP + 2MP | 16MP Front Camera4500 mAh BatteryQualcomm Snapdragon 888 Processor1 Year Warranty for Mobile and 6 Months for Accessories,4.2
157,"SAMSUNG Galaxy A25 5G (Blue, 128 GB)","₹29,999",8 GB RAM | 128 GB ROM | Expandable Upto 1 TB16.51 cm (6.5 inch) Full HD+ Display50MP + 8MP + 2MP | 13MP Front Camera5000 mAh BatteryExynos 1280 Processor1 Year Manufacturer Warranty for Device and 6 Months for In-Box Accessories,4.2
158,"realme X3 SuperZoom (Arctic White, 128 GB)","₹29,990",8 GB RAM | 128 GB ROM16.69 cm (6.57 inch) Full HD+ Display64MP + 8MP + 8MP + 2MP | 32MP + 8MP Dual Front Camera4200 mAh BatteryQualcomm Snapdragon 855+ Processor120 Hz Smooth DisplayUIS and UIS Max Ultra Image StabilizationLiquid Cooling SystemBrand Warranty of 1 Year Available for Mobile and 6 Months for Accessories,4.3
159,"vivo V21 5G (Arctic White, 128 GB)","₹28,499",8 GB RAM | 128 GB ROM16.36 cm (6.44 inch) Full HD+ Display64MP + 8MP + 2MP | 44MP Front Camera4000 mAh Lithium-ion BatteryMediaTek Dimensity 800U ProcessorAMOLED Display1 Year for Handset and 6 Months for In-box Accessories,4.3
160,"SAMSUNG Galaxy A53 (Awesome Peach, 128 GB)","₹27,990",8 GB RAM | 128 GB ROM | Expandable Upto 1 TB16.51 cm (6.5 inch) Full HD+ Display64MP + 12MP + 5MP + 5MP | 32MP Front Camera5000 mAh Lithium Ion BatteryExynos Octa Core Processor Processor1 Year Manufacturer Warranty for Device and 6 Months Manufacturer Warranty for In-Box,4.1
161,"vivo V21 5G (Dusk Blue, 128 GB)","₹26,999",8 GB RAM | 128 GB ROM16.36 cm (6.44 inch) Full HD+ Display64MP + 8MP + 2MP | 44MP Front Camera4000 mAh Lithium-ion BatteryMediaTek Dimensity 800U ProcessorAMOLED Display1 Year for Handset and 6 Months for In-box Accessories,4.3
162,"Honor X9b (Sunrise Orange, 256 GB)","₹26,499",8 GB RAM | 256 GB ROM17.22 cm (6.78 inch) Full HD+ Display108MP + 5MP + 2MP | 16MP Front Camera5800 mAh BatteryQualcomm Snapdragon 6 Gen 1 Processor1 Year Manufacturer Warranty for Device and 6 Months Manufacturer Warranty for Inbox Accessories,4.1
163,"REDMI Note-14 Pro 5G (Phantom Purple, 128 GB)","₹28,999",8 GB RAM | 128 GB ROM16.94 cm (6.67 inch) Display50MP + 8MP + 2MP | 20MP Front Camera5500 mAh BatteryDimensity 7300 Ultra Processor1 Year Manufacturer Warranty for Phone and 6 Months Warranty for In the Box Accessories,4.2
164,"REDMI Note-14 Pro 5G (Titan Black, 256 GB)","₹25,990",8 GB RAM | 256 GB ROM16.94 cm (6.67 inch) Display50MP + 8MP + 2MP | 20MP Front Camera5500 mAh BatteryDimensity 7300 Ultra Processor1 Year Manufacturer Warranty for Phone and 6 Months Warranty for In the Box Accessories,4.2
165,"realme GT NEO 3 (150W) (Nitro Blue, 256 GB)","₹27,999",12 GB RAM | 256 GB ROM17.02 cm (6.7 inch) Full HD+ Display50MP + 8MP + 2MP | 16MP Front Camera4500 mAh Lithium Ion BatteryMediatek Dimensity 8100 Processor1 Year Manufacturer Warranty for Phone and 6 Months Warranty for In-Box Accessories,4.3
166,"SAMSUNG Galaxy A26 5G (Awesome Peach, 256 GB)","₹29,000",8 GB RAM | 256 GB ROM | Expandable Upto 1 TB17.02 cm (6.7 inch) Full HD+ Display50MP + 8MP | 13MP Front Camera5000 mAh BatterySamsung Exynos 1380 Processor1 Year Manufacturer Warranty for Device and 6 Months for In-Box Accessories,3.8
167,"Motorola Edge 20 5G (Frosted Pearl, 128 GB)","₹29,999",8 GB RAM | 128 GB ROM17.02 cm (6.7 inch) Full HD+ Display108MP + 8MP + 16MP | 32MP Front Camera4000 mAh BatteryQualcomm Snapdragon 778G Processor144Hz Refresh Rate AMOLED Display6.99mm Slim Design1 Year on Handset and 6 Months on Accessories,4.1
168,"realme GT Neo 3T (Shade Black, 128 GB)","₹26,999",6 GB RAM | 128 GB ROM16.81 cm (6.62 inch) Full HD+ AMOLED Display64MP + 8MP + 2MP | 16MP Front Camera5000 mAh Lithium Ion BatteryQualcomm Snapdragon 870 Processor1 Year Manufacturer Warranty for Phone and 6 Months Warranty for In-Box Accessories,4.3
169,"Honor X9b (Midnight Black, 256 GB)","₹26,995",8 GB RAM | 256 GB ROM17.22 cm (6.78 inch) Full HD+ Display108MP + 5MP + 2MP | 16MP Front Camera5800 mAh BatteryQualcomm Snapdragon 6 Gen 1 Processor1 Year Manufacturer Warranty for Device and 6 Months Manufacturer Warranty for Inbox Accessories,4.1
170,"SAMSUNG M55 5G (Denim Black / Black, 128 GB)","₹26,995",8 GB RAM | 128 GB ROM17.02 cm (6.7 inch) Display50MP Rear Camera5000 mAh BatteryAndroid 14.0 ProcessorDomestic Warranty 1 year for handset and 6 months for accessories.,3.6
171,"SAMSUNG M55 5G (Light Green, 128 GB)","₹16,999",8 GB RAM | 128 GB ROM17.02 cm (6.7 inch) Display50MP Rear Camera5000 mAh BatteryAndroid 14.0 ProcessorDomestic Warranty 1 year for handset and 6 months for accessories.,3.6
172,"realme P3 5G (Comet Grey, 128 GB)","₹29,999",6 GB RAM | 128 GB ROM | Expandable Upto 2 TB16.94 cm (6.67 inch) Full HD+ Display50MP + 2MP | 16MP Front Camera6000 mAh Battery6 Gen 4 Processor1 Year Manufacturer Warranty for Device and 6 Months Manufacturer Warranty for Inbox Accessories,4.4
173,"REDMI K50i 5G (Stealth Black, 128 GB)","₹27,990",6 GB RAM | 128 GB ROM16.76 cm (6.6 inch) Display64MP Rear Camera5080 mAh Battery12 Months Warranty,4.2
174,"vivo V17 (Midnight Ocean Black, 128 GB)","₹26,499",8 GB RAM | 128 GB ROM | Expandable Upto 256 GB16.36 cm (6.44 inch) Full HD+ Display48MP + 8MP + 2MP + 2MP | 32MP Front Camera4500 mAh Li-ion BatteryQualcomm Snapdragon 675AIE ProcessorFHD+ E3 Super Amoled DisplayBrand Warranty of 1 Year Available for Mobile and 6 Months for Accessories,4.5
175,"REDMI Note 13 Pro+ 5G (World Champions Edition, 512 GB)","₹27,999",12 GB RAM | 512 GB ROM16.94 cm (6.67 inch) Display200MP (OIS) + 8MP + 2MP | 16MP Front Camera5000 mAh BatteryDimensity 7200 Ultra 5G Processor1 Year Manufacturer Warranty for Phone and 6 Months Warranty for In the Box Accessories,4.2
176,"Motorola Edge 50 Pro 5G with 68W Charger (Black Beauty, 256 GB)","₹24,999",8 GB RAM | 256 GB ROM17.02 cm (6.7 inch) Display50MP + 13MP + 10MP | 50MP Front Camera4500 mAh Battery7 Gen 3 Mobile Platform Processor1 Year on Handset and 6 Months on Accessories,4.4
177,"realme GT 2 (Paper Green, 128 GB)","₹25,999",8 GB RAM | 128 GB ROM16.81 cm (6.62 inch) Full HD+ AMOLED Display50MP + 8MP + 2MP | 16MP Front Camera5000 mAh Lithium Ion BatteryQualcomm Snapdragon 888 Processor1 Year Manufacturer Warranty for Phone and 6 Months Warranty for In-Box Accessories,4.3
178,"SAMSUNG F62 (Laser Green, 128 GB)","₹29,999",8 GB RAM | 128 GB ROM | Expandable Upto 1 TB17.02 cm (6.7 inch) Full HD+ Display64MP + 12MP + 5MP + 5MP | 32MP Front Camera7000 mAh Lithium-ion BatteryExynos 9825 Processor1 Year Warranty Provided by the Manufacturer from Date of Purchase,4.3
179,"vivo V30 5G (Peacock Green, 128 GB)","₹29,999",8 GB RAM | 128 GB ROM17.22 cm (6.78 inch) Full HD+ Display50MP + 50MP | 50MP Front Camera5000 mAh Battery7 Gen 3 Processor1 Year Manufacturer Warranty for Device and 6 Months Manufacturer Warranty for Inbox Accessories,4.5
180,"Motorola Edge 50 Pro 5G with 125W Charger (Black Beauty, 256 GB)","₹27,999",12 GB RAM | 256 GB ROM17.02 cm (6.7 inch) Display50MP + 13MP + 10MP | 50MP Front Camera4500 mAh Battery7 Gen 3 Mobile Platform Processor1 Year on Handset and 6 Months on Accessories,4.4
181,"vivo V25 5G (Surfing Blue, 128 GB)","₹27,499",8 GB RAM | 128 GB ROM16.36 cm (6.44 inch) Full HD+ Display64MP + 8MP + 2MP | 50MP Front Camera4500 mAh Lithium BatteryDimensity 900 Processor1 Year of Device & 6 Months for In-Box Accessories,4.3
182,"REDMI Note 12 Pro+ 5G (Iceberg Blue, 256 GB)","₹43,999",8 GB RAM | 256 GB ROM16.94 cm (6.67 inch) Full HD+ AMOLED Display200MP + 8MP + 2MP | 16MP Front Camera4980 mAh Lithium Polymer BatteryMediatek Dimensity 1080 Processor1 Year Manufacturer Warranty for Phone and 6 Months Warranty for In the Box Accessories,4.2
183,"Google Pixel 6a (Chalk, 128 GB)","₹29,999",6 GB RAM | 128 GB ROM15.6 cm (6.14 inch) Full HD+ Display12.2MP + 12MP | 8MP Front Camera4410 mAh BatteryGoogle Tensor Processor1 Year Brand Warranty,4.3
184,"realme GT 2 Pro (Paper White, 256 GB)","₹29,999",12 GB RAM | 256 GB ROM17.02 cm (6.7 inch) Quad HD Display50MP + 50MP + 2MP | 32MP Front Camera5000 mAh Lithium Ion BatteryQualcomm Snapdragon 8 Gen 1 Mobile Platform Processor1 Year Manufacturer Warranty for Phone and 6 Months Warranty for In-Box Accessories,4.3
185,"POCO F5 5G (Electric Blue, 256 GB)","₹26,990",8 GB RAM | 256 GB ROM16.94 cm (6.67 inch) Full HD+ Display64MP (OIS) + 8MP + 2MP | 16MP Front Camera5000 mAh BatteryQualcomm Snapdragon 7+ Gen 2 (4nm) Processor2 Year Manufacturer Warranty for Phone and 6 Months Warranty for In the Box Accessories,4.4
186,"OnePlus Nord (Gray Onyx, 128 GB)","₹27,974",8 GB RAM | 128 GB ROM16.36 cm (6.44 inch) Full HD+ Display48MP + 8MP | 32MP + 8MP Dual Front Camera4115 mAh BatteryQualcomm® Snapdragon™ 765G Processor1 Year,4
187,"OnePlus 10R (Forest Green, 128 GB)","₹29,999",8 GB RAM | 128 GB ROM17.02 cm (6.7 inch) Display50MP Rear Camera5000 mAh Battery1 Year Manufacturer Warranty for Handset and 6 Months Warranty for In the Box Accessories,4.3
188,"POCO F5 5G (Snowstorm White, 256 GB)","₹25,990",8 GB RAM | 256 GB ROM16.94 cm (6.67 inch) Full HD+ Display64MP (OIS) + 8MP + 2MP | 16MP Front Camera5000 mAh BatteryQualcomm Snapdragon 7+ Gen 2 (4nm) Processor2 Year Manufacturer Warranty for Phone and 6 Months Warranty for In the Box Accessories,4.4
189,"LAVA Agni 3 5G (Pristine Glass, 128 GB)","₹29,999",8 GB RAM | 128 GB ROM17.02 cm (6.7 inch) Display50MP Rear Camera5000 mAh Battery1 Year Manufacturer Warranty for Phone,2.3
190,"realme X7 Pro 5G (Fantasy, 128 GB)","₹29,999",8 GB RAM | 128 GB ROM16.64 cm (6.55 inch) Full HD+ Display64MP + 8MP + 2MP + 2MP | 32MP Front Camera4500 mAh BatteryMediaTek Dimensity 1000 Plus Processor120 Hz sAmoled Display|65W SuperDart ChargingDual Stereo Speakers with Dolby AtmosBrand Warranty of 1 Year Available for Mobile and 6 Months for Accessories,4.2
191,"realme X7 Pro 5G (Mystic Black, 128 GB)","₹16,999",8 GB RAM | 128 GB ROM16.64 cm (6.55 inch) Full HD+ Display64MP + 8MP + 2MP + 2MP | 32MP Front Camera4500 mAh BatteryMediaTek Dimensity 1000 Plus Processor120 Hz sAmoled Display|65W SuperDart ChargingDual Stereo Speakers with Dolby AtmosBrand Warranty of 1 Year Available for Mobile and 6 Months for Accessories,4.2
192,"realme P3 5G (Space Silver, 128 GB)","₹29,999",6 GB RAM | 128 GB ROM | Expandable Upto 2 TB16.94 cm (6.67 inch) Full HD+ Display50MP + 2MP | 16MP Front Camera6000 mAh Battery6 Gen 4 Processor1 Year Manufacturer Warranty for Device and 6 Months Manufacturer Warranty for Inbox Accessories,4.4
193,"realme X7 Pro 5G (Mystic Black, 128 GB)","₹27,499",8 GB RAM | 128 GB ROM16.64 cm (6.55 inch) Full HD+ Display64MP + 8MP + 2MP + 2MP | 32MP Front Camera4500 mAh BatteryMediaTek Dimensity 1000 Plus Processor120 Hz sAmoled Display|65W SuperDart ChargingDual Stereo Speakers with Dolby AtmosBrand Warranty of 1 Year Available for Mobile and 6 Months for Accessories,4.2
194,"REDMI Note 12 Pro+ 5G (Arctic White, 256 GB)","₹26,999",8 GB RAM | 256 GB ROM16.94 cm (6.67 inch) Full HD+ AMOLED Display200MP + 8MP + 2MP | 16MP Front Camera4980 mAh Lithium Polymer BatteryMediatek Dimensity 1080 Processor1 Year Manufacturer Warranty for Phone and 6 Months Warranty for In the Box Accessories,4.2
195,"Motorola Edge 40 (Nebula Green, 256 GB)","₹27,499",8 GB RAM | 256 GB ROM16.51 cm (6.5 inch) Full HD+ Display50MP + 13MP | 32MP Front Camera4400 mAh BatteryDimensity 8020 ProcessorVegan Leather1 Year Handset and 6 Months Accessories,4.3
196,"REDMI Note 12 Pro+ 5G (Obsidian Black, 256 GB)","₹27,999",8 GB RAM | 256 GB ROM16.94 cm (6.67 inch) Full HD+ AMOLED Display200MP + 8MP + 2MP | 16MP Front Camera4980 mAh Lithium Polymer BatteryMediatek Dimensity 1080 Processor1 Year Manufacturer Warranty for Phone and 6 Months Warranty for In the Box Accessories,4.2
197,"realme 11 Pro+ 5G (Oasis Green, 256 GB)","₹29,999",8 GB RAM | 256 GB ROM17.02 cm (6.7 inch) Full HD+ Display200MP (OIS) + 8MP + 2MP | 32MP Front Camera5000 mAh BatteryDimensity 7050 Processor1 Year Manufacturer Warranty for Device and 6 Months Manufacturer Warranty for In-Box Accessories,4.4
198,"realme 11 Pro+ 5G (Oasis Green, 256 GB)","₹29,999",12 GB RAM | 256 GB ROM17.02 cm (6.7 inch) Full HD+ Display200MP (OIS) + 8MP + 2MP | 32MP Front Camera5000 mAh BatteryDimensity 7050 Processor1 Year Manufacturer Warranty for Device and 6 Months Manufacturer Warranty for In-Box Accessories,4.4
199,"realme 11 Pro+ 5G (Astral Black, 256 GB)","₹27,999",12 GB RAM | 256 GB ROM17.02 cm (6.7 inch) Full HD+ Display200MP (OIS) + 8MP + 2MP | 32MP Front Camera5000 mAh BatteryDimensity 7050 Processor1 Year Manufacturer Warranty for Device and 6 Months Manufacturer Warranty for In-Box Accessories,4.4
200,"realme 11 Pro+ 5G (Astral Black, 256 GB)","₹25,990",8 GB RAM | 256 GB ROM17.02 cm (6.7 inch) Full HD+ Display200MP (OIS) + 8MP + 2MP | 32MP Front Camera5000 mAh BatteryDimensity 7050 Processor1 Year Manufacturer Warranty for Device and 6 Months Manufacturer Warranty for In-Box Accessories,4.4
201,"realme X50 Pro (Moss Green, 128 GB)","₹29,999",8 GB RAM | 128 GB ROM16.36 cm (6.44 inch) Full HD+ Display64MP + 12MP + 8MP + 2MP | 32MP + 8MP Dual Front Camera4200 mAh Battery5G PhoneQualcomm Snapdragon 865 Processor65W Superdart ChargeBrand Warranty of 1 Year Available for Mobile and 6 Months for Accessories,4.4
202,"Honor 90 5G (Emerald Green, 256 GB)","₹26,999",8 GB RAM | 256 GB ROM17.02 cm (6.7 inch) Display200MP Rear Camera5000 mAh Battery1 year manufacturer warranty for handset & 6 months for accessories,4.1
203,"Xiaomi 11i Hypercharge 5G (Stealth Black, 128 GB)","₹25,999",6 GB RAM | 128 GB ROM | Expandable Upto 1 TB16.94 cm (6.67 inch) Full HD+ AMOLED Display108MP + 8MP + 2MP | 16MP Front Camera4500 mAh Li-Polymer BatteryMediatek Dimensity 920 Processor1 Year Manufacturer Warranty for Phone and 6 Months Warranty for In the Box Accessories,4.2
204,"OnePlus Nord (Gray Onyx, 256 GB)","₹27,999",12 GB RAM | 256 GB ROM16.36 cm (6.44 inch) Full HD+ Display48MP + 8MP | 32MP + 8MP Dual Front Camera4115 mAh BatteryQualcomm® Snapdragon™ 765G Processor1 Year,3.9
205,"OPPO Reno11 5G (Rock Grey, 128 GB)","₹25,890",8 GB RAM | 128 GB ROM | Expandable Upto 2 TB17.02 cm (6.7 inch) Full HD+ Display50MP + 8MP + 32MP | 32MP Front Camera5000 mAh BatteryMediatek Dimensity 7050 Processor1 Year Manufacturer Warranty for Device and 6 Months Manufacturer Warranty for Inbox Accessories,4.3
206,"vivo V40e 5G (Royal Bronze, 128 GB)","₹29,990",8 GB RAM | 128 GB ROM17.2 cm (6.77 inch) Display50MP + 8MP | 50MP Front Camera5500 mAh BatteryDimensity 7300 Processor1 Year Warranty on Handset and 6 Months Warranty on Accessories,4.4
207,"SAMSUNG Galaxy A53 (Awesome Black, 256 GB)","₹29,775",8 GB RAM | 256 GB ROM | Expandable Upto 1 TB16.51 cm (6.5 inch) Full HD+ Display64MP + 12MP + 5MP + 5MP | 32MP Front Camera5000 mAh Lithium Ion BatteryExynos Octa Core Processor Processor1 Year Manufacturer Warranty for Device and 6 Months Manufacturer Warranty for In-Box,4.1
208,"OnePlus Nord CE3 5G (Aqua Surge, 256 GB)","₹27,490",12 GB RAM | 256 GB ROM17.02 cm (6.7 inch) Display50MP Rear Camera5000 mAh BatteryDomestic 1 Year of Device & 6 Months for In-Box Accessories,4.4
209,"vivo V25 Pro 5G (Pure Black, 256 GB)","₹28,990",12 GB RAM | 256 GB ROM16.66 cm (6.56 inch) Full HD+ Display64MP + 8MP + 2MP | 32MP Front Camera4830 mAh Lithium BatteryMediatek Dimensity 1300 ProcessorColor Changing Fluorite AG Glass Design120 Hz 3D Curve Display1 Year on Handset and 6 Months on Accessories,4.2
210,"OPPO Reno10 5G (Ice Blue, 256 GB)","₹28,199",8 GB RAM | 256 GB ROM17.02 cm (6.7 inch) Full HD+ Display64MP + 32MP + 8MP | 32MP Front Camera5000 mAh BatteryMediatek Dimensity 7050 Processor1 Year Manufacturer Warranty for Phone and 6 Months Warranty for In the Box Accessories,4.3
211,"OnePlus Nord 2T 5G (Jade Fog, 128 GB)","₹29,990",8 GB RAM | 128 GB ROM17.02 cm (6.7 inch) Display50MP Rear Camera | 32MP Front Camera4500 mAh Battery12 Month,4.3
212,"OnePlus Nord 2T 5G (Jade Fog, 128 GB)","₹28,499",8 GB RAM | 128 GB ROM17.02 cm (6.7 inch) Display50MP Rear Camera4500 mAh Battery12 Month,4.3
213,"OnePlus 7T (Frosted Silver, 128 GB)","₹27,499",8 GB RAM | 128 GB ROM16.64 cm (6.55 inch) Display48 MP + 12 MP + 16 MP | 16MP Front Camera3800 mAh BatteryQualcomm® Snapdragon™ 855 Plus Processor1 year manufacturer warranty for device and 6 months manufacturer warranty for in-box accessories including batteries from the date of purchase,4.6
